Metric,H,df,p_value,epsilon_squared
width,24.083629205577214,5,0.00020922419974301555,0.014702333748518655
height,33.398362521532206,5,3.1364755969088206e-06,0.02187855356050247
area,30.614223052931404,5,1.1161843518417772e-05,0.01973360789902265
num_rois,91.34720128146236,5,3.5014850053793024e-18,0.1453656587230006
coverage,129.22002995008324,5,3.48404431671228e-26,0.2091246295455947
