category,num_rois_mean,num_rois_std,coverage_mean,coverage_std
Action,2.15,1.0087996667707455,0.08444319058641975,0.023360345103777783
Affective,1.96,0.9839109756887601,0.08813402777777778,0.02668706071483425
Social,3.07,1.1913408115618844,0.09452318672839506,0.024717890641456436
Indoor,2.24,1.0456258094238748,0.06892119502314814,0.021188387676548747
OutdoorManMade,1.97,0.9582707489445915,0.06685013020833333,0.021868760637462948
OutdoorNatural,1.65,0.8087276451565162,0.0659884018132716,0.024383707231130456
