category,width_mean,width_std,height_mean,height_std,area_mean,area_std
Action,254.47441860465116,128.28414011177094,270.30232558139534,147.22487962801088,81442.51162790698,69209.1612639433
Affective,270.06632653061223,129.780171883569,291.8775510204082,152.13194444001547,93242.20408163265,77697.8421061881
Social,230.89902280130292,122.62688333062144,227.18241042345278,117.02881865368914,63844.71661237785,64324.74316240698
Indoor,237.00446428571428,123.21702381391646,225.83035714285714,111.06160278164518,63801.33482142857,55085.82857287377
OutdoorManMade,247.03553299492387,122.37502478099091,239.96446700507613,124.0790307579069,70365.70050761421,58652.30650932601
OutdoorNatural,277.56363636363636,134.49903848187873,256.07878787878786,118.88475603723968,82929.42424242424,64544.5692347309
