stat,width,height,area
count,1304.0,1304.0,1304.0
mean,250.06441717791412,249.37116564417178,74557.39033742332
std,127.11863974934802,130.460640747361,65892.14222859785
min,38.0,31.0,2014.0
25%,148.75,146.75,21523.25
50%,224.5,220.0,48620.0
75%,332.25,336.25,117587.25
max,884.0,840.0,423401.0
