stat,num_rois,coverage
count,600.0,600.0
mean,2.1733333333333333,0.07814335535622428
std,1.094815017293961,0.026241643085059888
min,1.0,0.024001736111111113
25%,1.0,0.060809702932098766
50%,2.0,0.0759252025462963
75%,3.0,0.0913357204861111
max,7.0,0.20418643904320988
