metric,count,n_valid,prop_all,prop_valid
has_human,276,300,0.92,0.92
human_visible,258,276,0.86,0.9347826086956522
has_face,160,258,0.5333333333333333,0.6201550387596899
has_hand,125,258,0.4166666666666667,0.4844961240310077
