Estimate,Mean Log Ratio,95% CI (Log),Mean Density Ratio (x),95% CI (x),Wilcoxon p-value,Rank-biserial r
Naive,2.1310563819305175,"[1.997, 2.266]",8.423760821596154,"[7.37x, 9.64x]",2.40577e-31,0.9981786169631474
Center-Corrected,0.993874783007883,"[0.898, 1.092]",2.70168265109332,"[2.46x, 2.98x]",N/A,N/A
