Metric,Human Mean,Model Value,T-statistic,p-value
distance_to_center,78.55970545691017,0.0,42.588992513275024,2.227244164959956e-183
x_std,264.31582975891934,264.31582975891934,0.0,1.0
y_std,186.55425787726375,186.55425787726375,0.0,1.0
