Model,distance_to_center,x_std,y_std
Center Bias,0.0,264.31582975891934,186.55425787726375
