{
  "Main (Precedence)": {
    "mean_log": 1.4319311531136922,
    "ci": [
      1.132966093770167,
      1.7306554088649249
    ]
  },
  "Overlap-Exclusion": {
    "mean_log": 1.4319311531136922,
    "ci": [
      1.1358409717881854,
      1.7226370499946135
    ]
  }
}