Estimate,Mean Log Ratio,95% CI (Log),Geometric Mean Density Ratio (×),95% CI (×),Wilcoxon p-value,Rank-biserial r
Main (Precedence),1.4319311531136922,"[1.133, 1.731]",4.1867766968179545,"[3.10×, 5.64×]",1.05858e-06,0.9886363636363636
Overlap-Exclusion,1.4319311531136922,"[1.136, 1.723]",4.1867766968179545,"[3.11×, 5.60×]",1.05858e-06,0.9886363636363636
