{
  "Boundary-Exclusion": {
    "mean_log": 1.0062200561678785,
    "ci": [
      0.8064173267911433,
      1.2163367731807369
    ]
  },
  "Category-Balanced": {
    "mean_log": 2.0405512005731725,
    "ci": [
      1.4904968966976613,
      2.4358949027550616
    ]
  },
  "LOCO (min)": {
    "mean_log": 1.9683036123377522
  },
  "LOCO (max)": {
    "mean_log": 2.3012749863979893
  },
  "Eccentricity Q4 (periphery)": {
    "mean_log": 1.778881092189689
  },
  "LOO (min)": {
    "mean_log": 2.115293972709588
  },
  "LOO (max)": {
    "mean_log": 2.1475288156426373
  }
}